observation_id,osm_id,ref,prediction_time,observation_window_end,source_url,source_publish_date,observation_status,observation_scope,evidence_note
nh37_open_2025_06_23_001,44884938,NH37,2025-06-23,2025-06-30,https://www.imphaltimes.com/news/landslides-block-nh-37-in-hill-areas-assam-manipur-highway-halted-for-hours/,2025-06-24,OPEN_AFTER_CLEARANCE,corridor_traffic_resumed,Imphal Times reports NH-37 traffic restored after clearance; this row is a road-status control on a different mapped segment.
nh37_open_2025_06_23_002,44884943,NH37,2025-06-23,2025-06-30,https://www.imphaltimes.com/news/landslides-block-nh-37-in-hill-areas-assam-manipur-highway-halted-for-hours/,2025-06-24,OPEN_AFTER_CLEARANCE,corridor_traffic_resumed,Imphal Times reports NH-37 traffic restored after clearance; this row is a road-status control on a different mapped segment.
nh37_open_2025_06_23_003,44884944,NH37,2025-06-23,2025-06-30,https://www.imphaltimes.com/news/landslides-block-nh-37-in-hill-areas-assam-manipur-highway-halted-for-hours/,2025-06-24,OPEN_AFTER_CLEARANCE,corridor_traffic_resumed,Imphal Times reports NH-37 traffic restored after clearance; this row is a road-status control on a different mapped segment.
nh37_open_2025_06_23_004,44884966,NH37,2025-06-23,2025-06-30,https://www.imphaltimes.com/news/landslides-block-nh-37-in-hill-areas-assam-manipur-highway-halted-for-hours/,2025-06-24,OPEN_AFTER_CLEARANCE,corridor_traffic_resumed,Imphal Times reports NH-37 traffic restored after clearance; this row is a road-status control on a different mapped segment.
nh6_open_2024_06_20_001,44769003,NH6,2024-06-20,2024-06-27,https://meghalaya.gov.in/sites/default/files/press_release/Press_Release_251.pdf,2024-06-18,OPEN_AFTER_CLEARANCE,corridor_traffic_normal,Meghalaya government reports NH-6 landslides at named locations cleared within hours and vehicular movement normal.
nh6_open_2024_06_20_002,44880793,NH6,2024-06-20,2024-06-27,https://meghalaya.gov.in/sites/default/files/press_release/Press_Release_251.pdf,2024-06-18,OPEN_AFTER_CLEARANCE,corridor_traffic_normal,Meghalaya government reports NH-6 landslides at named locations cleared within hours and vehicular movement normal.
nh6_open_2024_06_20_003,44880799,NH6,2024-06-20,2024-06-27,https://meghalaya.gov.in/sites/default/files/press_release/Press_Release_251.pdf,2024-06-18,OPEN_AFTER_CLEARANCE,corridor_traffic_normal,Meghalaya government reports NH-6 landslides at named locations cleared within hours and vehicular movement normal.
nh6_open_2024_06_20_004,44880833,NH6,2024-06-20,2024-06-27,https://meghalaya.gov.in/sites/default/files/press_release/Press_Release_251.pdf,2024-06-18,OPEN_AFTER_CLEARANCE,corridor_traffic_normal,Meghalaya government reports NH-6 landslides at named locations cleared within hours and vehicular movement normal.
nh10_open_2024_08_04_001,47416222,NH10,2024-08-04,2024-08-11,https://www.sikkimexpress.com/news-details/landslides-disrupt-nh10-vehicles-taking-alternative-routes,2024-08-03,OPEN_AFTER_CLEARANCE,corridor_single_lane,"Sikkim Express reports NH-10 affected spots cleared/open to single-lane traffic; this is a corridor status observation, not a claim of permanent absence."
nh10_open_2024_08_04_002,47416223,NH10,2024-08-04,2024-08-11,https://www.sikkimexpress.com/news-details/landslides-disrupt-nh10-vehicles-taking-alternative-routes,2024-08-03,OPEN_AFTER_CLEARANCE,corridor_single_lane,"Sikkim Express reports NH-10 affected spots cleared/open to single-lane traffic; this is a corridor status observation, not a claim of permanent absence."
nh10_open_2024_08_04_003,47416232,NH10,2024-08-04,2024-08-11,https://www.sikkimexpress.com/news-details/landslides-disrupt-nh10-vehicles-taking-alternative-routes,2024-08-03,OPEN_AFTER_CLEARANCE,corridor_single_lane,"Sikkim Express reports NH-10 affected spots cleared/open to single-lane traffic; this is a corridor status observation, not a claim of permanent absence."
nh10_open_2024_08_04_004,47416238,NH10,2024-08-04,2024-08-11,https://www.sikkimexpress.com/news-details/landslides-disrupt-nh10-vehicles-taking-alternative-routes,2024-08-03,OPEN_AFTER_CLEARANCE,corridor_single_lane,"Sikkim Express reports NH-10 affected spots cleared/open to single-lane traffic; this is a corridor status observation, not a claim of permanent absence."
nh29_open_2024_09_03_001,44886115,NH29,2024-09-03,2024-09-10,https://www.easternmirrornagaland.com/kohima-dimapur-highway-fully-reopens-after-landslide-closure,2024-09-03,FULLY_REOPENED,corridor_traffic_resumed,Eastern Mirror reports the Kohima-Dimapur NH-29 fully reopened after landslide clearance.
nh29_open_2024_09_03_002,44886116,NH29,2024-09-03,2024-09-10,https://www.easternmirrornagaland.com/kohima-dimapur-highway-fully-reopens-after-landslide-closure,2024-09-03,FULLY_REOPENED,corridor_traffic_resumed,Eastern Mirror reports the Kohima-Dimapur NH-29 fully reopened after landslide clearance.
nh29_open_2024_09_03_003,44886117,NH29,2024-09-03,2024-09-10,https://www.easternmirrornagaland.com/kohima-dimapur-highway-fully-reopens-after-landslide-closure,2024-09-03,FULLY_REOPENED,corridor_traffic_resumed,Eastern Mirror reports the Kohima-Dimapur NH-29 fully reopened after landslide clearance.
nh29_open_2024_09_03_004,44886119,NH29,2024-09-03,2024-09-10,https://www.easternmirrornagaland.com/kohima-dimapur-highway-fully-reopens-after-landslide-closure,2024-09-03,FULLY_REOPENED,corridor_traffic_resumed,Eastern Mirror reports the Kohima-Dimapur NH-29 fully reopened after landslide clearance.
nh102b_open_2025_06_10_001,242642545,NH102B,2025-06-10,2025-06-17,https://www.thehillsjournal.com/multiple-landslides-along-ccpur-mizoram-road-chief-association-provides-helpline-numbers/,2025-06-02,OPEN_AFTER_CLEARANCE,corridor_traffic_resumed,The Hills Journal reports debris clearance and resumed vehicles on the NH-102B Manipur-Mizoram corridor.
nh102b_open_2025_06_10_002,242643689,NH102B,2025-06-10,2025-06-17,https://www.thehillsjournal.com/multiple-landslides-along-ccpur-mizoram-road-chief-association-provides-helpline-numbers/,2025-06-02,OPEN_AFTER_CLEARANCE,corridor_traffic_resumed,The Hills Journal reports debris clearance and resumed vehicles on the NH-102B Manipur-Mizoram corridor.
nh102b_open_2025_06_10_003,242645609,NH102B,2025-06-10,2025-06-17,https://www.thehillsjournal.com/multiple-landslides-along-ccpur-mizoram-road-chief-association-provides-helpline-numbers/,2025-06-02,OPEN_AFTER_CLEARANCE,corridor_traffic_resumed,The Hills Journal reports debris clearance and resumed vehicles on the NH-102B Manipur-Mizoram corridor.
nh102b_open_2025_06_10_004,242646805,NH102B,2025-06-10,2025-06-17,https://www.thehillsjournal.com/multiple-landslides-along-ccpur-mizoram-road-chief-association-provides-helpline-numbers/,2025-06-02,OPEN_AFTER_CLEARANCE,corridor_traffic_resumed,The Hills Journal reports debris clearance and resumed vehicles on the NH-102B Manipur-Mizoram corridor.
nh2_open_2025_08_29_001,44886100,NH2,2025-08-29,2025-09-05,https://www.easternmirrornagaland.com/kohima-mao-road-reopens-at-phesama-after-restoration-traffic-allowed-under-strict-regulations,2025-08-23,REOPENED_REGULATED,corridor_traffic_resumed,Eastern Mirror reports NH-2 reopened for regulated traffic after restoration at Phesama; this row is a different mapped segment from the confirmed affected rows.
nh2_open_2025_08_29_002,44886101,NH2,2025-08-29,2025-09-05,https://www.easternmirrornagaland.com/kohima-mao-road-reopens-at-phesama-after-restoration-traffic-allowed-under-strict-regulations,2025-08-23,REOPENED_REGULATED,corridor_traffic_resumed,Eastern Mirror reports NH-2 reopened for regulated traffic after restoration at Phesama; this row is a different mapped segment from the confirmed affected rows.
nh2_open_2025_08_29_003,44886104,NH2,2025-08-29,2025-09-05,https://www.easternmirrornagaland.com/kohima-mao-road-reopens-at-phesama-after-restoration-traffic-allowed-under-strict-regulations,2025-08-23,REOPENED_REGULATED,corridor_traffic_resumed,Eastern Mirror reports NH-2 reopened for regulated traffic after restoration at Phesama; this row is a different mapped segment from the confirmed affected rows.
nh2_open_2025_08_29_004,129815384,NH2,2025-08-29,2025-09-05,https://www.easternmirrornagaland.com/kohima-mao-road-reopens-at-phesama-after-restoration-traffic-allowed-under-strict-regulations,2025-08-23,REOPENED_REGULATED,corridor_traffic_resumed,Eastern Mirror reports NH-2 reopened for regulated traffic after restoration at Phesama; this row is a different mapped segment from the confirmed affected rows.
nh2_seg_20241126_001,44886096,NH2,2024-11-26,2024-12-03,https://www.thesangaiexpress.com/Encyc/2024/11/26/By-Our-Staff-ReporterIMPHAL-Nov-26-NH-37-or-Imphal-Jiribam-highway-is-still-blocked-by-landslide-and-as-a.html,2024-11-26,NORMAL_MOVEMENT_CONFIRMED,segment_observed_open,Sangai Express (2024-11-26) affirms the Imphal-Dimapur highway (NH-2) through Senapati was fully open: 'there is no interruption in movement of trucks and other goods carriers on NH-2 (Imphal-Dimapur highway)' and reports ~200-250 loaded trucks reaching Imphal daily; no clearance/restriction framing for NH-2.
legsip_gyalshing_20250625,44848726,NH510,2025-06-25,2025-07-02,http://www.sikkim-roadsandbridges.gov.in/index.php/road-network,2025-06-25,OPEN,corridor_named_road_sitrep,"Source 2025-06-25: 'Legsip-Gyalshing road-Open'. Negative pinned to nearest weather date 2025-06-25. NH-510 corridor, Gyalshing SD"
gyalshing_pelling_20250625,44848726,NH510,2025-06-25,2025-07-02,http://www.sikkim-roadsandbridges.gov.in/index.php/road-network,2025-06-25,OPEN,corridor_named_road_sitrep,"Source 2025-06-25: 'Gyalshing-Pelling road-Open'. Negative pinned to nearest weather date 2025-06-25. NH-510 corridor, Gyalshing SD"
legsip_gyalshing_20250619,44848726,NH510,2025-06-21,2025-06-28,http://www.sikkim-roadsandbridges.gov.in/index.php/road-network,2025-06-19,OPEN,corridor_named_road_sitrep,"Source 2025-06-19: 'Legsip-Gyalshing road-Open'. Negative pinned to nearest weather date 2025-06-21. NH-510 corridor, Gyalshing SD"
gyalshing_pelling_20250619,44848726,NH510,2025-06-21,2025-06-28,http://www.sikkim-roadsandbridges.gov.in/index.php/road-network,2025-06-19,OPEN,corridor_named_road_sitrep,"Source 2025-06-19: 'Gyalshing-Pelling road-Open'. Negative pinned to nearest weather date 2025-06-21. NH-510 corridor, Gyalshing SD"
namchi_manpur_phatak_20250619,1268716500,Namchi-Manpur Road,2025-06-21,2025-06-28,http://www.sikkim-roadsandbridges.gov.in/index.php/road-network,2025-06-19,OPEN,corridor_named_road_sitrep,"Source 2025-06-19: 'Namchi Manpur Phatak'. Negative pinned to nearest weather date 2025-06-21. named road, Namchi SD"
assam_pakyong_trafficable_20240531,495859531,NH717A,2024-06-04,2024-06-11,http://www.sikkim-roadsandbridges.gov.in/index.php/road-network,2024-05-31,OPEN,corridor_named_road_sitrep,Source 2024-05-31: 'Assam Pakyong road'. Negative pinned to nearest weather date 2024-06-04. NH-717A Pakyong SD; formation damaged but trafficable (explicit)
nh10_sd_20250625,879401691,NH10,2025-06-25,2025-07-02,http://www.sikkim-roadsandbridges.gov.in/index.php/road-network,2025-06-25,OPEN,corridor_sd_division_open_sitrep,Source 2025-06-25: 'Gangtok SD is clear and open for traffic'. Negative pinned to nearest weather date 2025-06-25. Gangtok SD open line
nh10_sd_20250619,879401691,NH10,2025-06-21,2025-06-28,http://www.sikkim-roadsandbridges.gov.in/index.php/road-network,2025-06-19,OPEN,corridor_sd_division_open_sitrep,Source 2025-06-19: 'Gangtok SD is clear and open for traffic'. Negative pinned to nearest weather date 2025-06-21. Gangtok SD open line
nh10_sd_20250610,879401691,NH10,2025-06-10,2025-06-17,http://www.sikkim-roadsandbridges.gov.in/index.php/road-network,2025-06-10,OPEN,corridor_sd_division_open_sitrep,Source 2025-06-10: 'Gangtok SD is clear and open for traffic'. Negative pinned to nearest weather date 2025-06-10. Gangtok SD open line
nh10_sd_20250526,879401691,NH10,2025-05-26,2025-06-02,http://www.sikkim-roadsandbridges.gov.in/index.php/road-network,2025-05-26,OPEN,corridor_sd_division_open_sitrep,Source 2025-05-26: 'Gangtok SD is clear and open for traffic'. Negative pinned to nearest weather date 2025-05-26. Gangtok SD open line
nh10_sd_20250523,879401691,NH10,2025-05-25,2025-06-01,http://www.sikkim-roadsandbridges.gov.in/index.php/road-network,2025-05-23,OPEN,corridor_sd_division_open_sitrep,Source 2025-05-23: 'Gangtok SD is clear and open for traffic'. Negative pinned to nearest weather date 2025-05-25. Gangtok SD open line
nh10_sd_20250521,879401691,NH10,2025-05-25,2025-06-01,http://www.sikkim-roadsandbridges.gov.in/index.php/road-network,2025-05-21,OPEN,corridor_sd_division_open_sitrep,Source 2025-05-21: 'Gangtok SD is clear and open for traffic'. Negative pinned to nearest weather date 2025-05-25. Gangtok SD open line
nh10_sd_20250519,879401691,NH10,2025-05-19,2025-05-26,http://www.sikkim-roadsandbridges.gov.in/index.php/road-network,2025-05-19,OPEN,corridor_sd_division_open_sitrep,Source 2025-05-19: 'Gangtok SD is clear and open for traffic'. Negative pinned to nearest weather date 2025-05-19. Gangtok SD open line
nh10_sd_20250517,879401691,NH10,2025-05-18,2025-05-25,http://www.sikkim-roadsandbridges.gov.in/index.php/road-network,2025-05-17,OPEN,corridor_sd_division_open_sitrep,Source 2025-05-17: 'Gangtok SD is clear and open for traffic'. Negative pinned to nearest weather date 2025-05-18. Gangtok SD open line (FWRs)
nh10_sd_20250515,879401691,NH10,2025-05-18,2025-05-25,http://www.sikkim-roadsandbridges.gov.in/index.php/road-network,2025-05-15,OPEN,corridor_sd_division_open_sitrep,Source 2025-05-15: 'Gangtok SD is clear and open for traffic'. Negative pinned to nearest weather date 2025-05-18. Gangtok SD open line (FWRs)
nh10_sd_20240911,879401691,NH10,2024-09-13,2024-09-20,http://www.sikkim-roadsandbridges.gov.in/index.php/road-network,2024-09-11,OPEN,corridor_sd_division_open_sitrep,Source 2024-09-11: 'Gangtok Sub Division is clear for traffic'. Negative pinned to nearest weather date 2024-09-13. Gangtok SD 2024 open line
nh10_sd_20240827,879401691,NH10,2024-08-27,2024-09-03,http://www.sikkim-roadsandbridges.gov.in/index.php/road-network,2024-08-27,OPEN,corridor_sd_division_open_sitrep,Source 2024-08-27: 'Gangtok Sub Division is clear for traffic'. Negative pinned to nearest weather date 2024-08-27. Gangtok SD 2024 open line
nh10_sd_20240823,879401691,NH10,2024-08-27,2024-09-03,http://www.sikkim-roadsandbridges.gov.in/index.php/road-network,2024-08-23,OPEN,corridor_sd_division_open_sitrep,Source 2024-08-23: 'Gangtok Sub Division is clear for traffic'. Negative pinned to nearest weather date 2024-08-27. Gangtok SD 2024 open line
nh10_sd_20240802,879401691,NH10,2024-08-04,2024-08-11,http://www.sikkim-roadsandbridges.gov.in/index.php/road-network,2024-08-02,OPEN,corridor_sd_division_open_sitrep,Source 2024-08-02: 'Gangtok Sub Division is clear for traffic'. Negative pinned to nearest weather date 2024-08-04. Gangtok SD 2024 open line
nh10_singtam_sd_20250625,879401691,NH10,2025-06-25,2025-07-02,http://www.sikkim-roadsandbridges.gov.in/index.php/road-network,2025-06-25,OPEN,corridor_sd_division_open_sitrep,Source 2025-06-25: 'Singtam SD are trafficable except Radang-Khimchithang'. Negative pinned to nearest weather date 2025-06-25. Singtam exception is off-NH10
nh10_singtam_sd_20250619,879401691,NH10,2025-06-21,2025-06-28,http://www.sikkim-roadsandbridges.gov.in/index.php/road-network,2025-06-19,OPEN,corridor_sd_division_open_sitrep,Source 2025-06-19: 'Singtam SD are trafficable except Radang-Khimchithang'. Negative pinned to nearest weather date 2025-06-21. Singtam exception is off-NH10
nh10_singtam_sd_20250610,879401691,NH10,2025-06-10,2025-06-17,http://www.sikkim-roadsandbridges.gov.in/index.php/road-network,2025-06-10,OPEN,corridor_sd_division_open_sitrep,Source 2025-06-10: 'Singtam SD are trafficable except Radang-Khimchithang'. Negative pinned to nearest weather date 2025-06-10. Singtam exception is off-NH10
nh10_singtam_sd_20250526,879401691,NH10,2025-05-26,2025-06-02,http://www.sikkim-roadsandbridges.gov.in/index.php/road-network,2025-05-26,OPEN,corridor_sd_division_open_sitrep,Source 2025-05-26: 'rest all the roads under Singtam SD are trafficable'. Negative pinned to nearest weather date 2025-05-26. Radang-Khimchithang closed; NH-10 covered
nh10_singtam_sd_20250523,879401691,NH10,2025-05-25,2025-06-01,http://www.sikkim-roadsandbridges.gov.in/index.php/road-network,2025-05-23,OPEN,corridor_sd_division_open_sitrep,Source 2025-05-23: 'rest all the roads under Singtam SD are trafficable'. Negative pinned to nearest weather date 2025-05-25. Radang-Khimchithang blocked; NH-10 covered
nh10_singtam_sd_20250521,879401691,NH10,2025-05-25,2025-06-01,http://www.sikkim-roadsandbridges.gov.in/index.php/road-network,2025-05-21,OPEN,corridor_sd_division_open_sitrep,Source 2025-05-21: 'All the roads under Singtam SD are clear trafficable'. Negative pinned to nearest weather date 2025-05-25. Singtam SD clear line
nh10_singtam_sd_20250517,879401691,NH10,2025-05-18,2025-05-25,http://www.sikkim-roadsandbridges.gov.in/index.php/road-network,2025-05-17,OPEN,corridor_sd_division_open_sitrep,Source 2025-05-17: 'Rest all the roads under Singtam SD are trafficable'. Negative pinned to nearest weather date 2025-05-18. Radang-Khimchithang blocked; NH-10 covered
nh10_singtam_sd_20250515,879401691,NH10,2025-05-18,2025-05-25,http://www.sikkim-roadsandbridges.gov.in/index.php/road-network,2025-05-15,OPEN,corridor_sd_division_open_sitrep,Source 2025-05-15: 'All the roads under Singtam SD is clear for traffic'. Negative pinned to nearest weather date 2025-05-18. Singtam SD clear line
nh10_singtam_sd_20240911,879401691,NH10,2024-09-13,2024-09-20,http://www.sikkim-roadsandbridges.gov.in/index.php/road-network,2024-09-11,OPEN,corridor_sd_division_open_sitrep,Source 2024-09-11: 'All the roads under Singtam SD are trafficable'. Negative pinned to nearest weather date 2024-09-13. Singtam SD 2024 line
nh10_singtam_sd_20240827,879401691,NH10,2024-08-27,2024-09-03,http://www.sikkim-roadsandbridges.gov.in/index.php/road-network,2024-08-27,OPEN,corridor_sd_division_open_sitrep,Source 2024-08-27: 'All the roads under Singtam SD are trafficable'. Negative pinned to nearest weather date 2024-08-27. Singtam SD 2024 line
nh10_singtam_sd_20240823,879401691,NH10,2024-08-27,2024-09-03,http://www.sikkim-roadsandbridges.gov.in/index.php/road-network,2024-08-23,OPEN,corridor_sd_division_open_sitrep,Source 2024-08-23: 'All the roads under Singtam SD are trafficable'. Negative pinned to nearest weather date 2024-08-27. Singtam SD 2024 line
nh10_singtam_sd_20240802,879401691,NH10,2024-08-04,2024-08-11,http://www.sikkim-roadsandbridges.gov.in/index.php/road-network,2024-08-02,OPEN,corridor_sd_division_open_sitrep,Source 2024-08-02: 'All the roads under Singtam SD are trafficable'. Negative pinned to nearest weather date 2024-08-04. Singtam SD 2024 line
nh510_sd_20250610,44848726,NH510,2025-06-10,2025-06-17,http://www.sikkim-roadsandbridges.gov.in/index.php/road-network,2025-06-10,OPEN,corridor_sd_division_open_sitrep,Source 2025-06-10: 'All the roads under Gyalshing Sub-Division are open'. Negative pinned to nearest weather date 2025-06-10. Gyalshing SD open line (FWR exceptions)
nh510_sd_20250526,44848726,NH510,2025-05-26,2025-06-02,http://www.sikkim-roadsandbridges.gov.in/index.php/road-network,2025-05-26,OPEN,corridor_sd_division_open_sitrep,Source 2025-05-26: 'All the roads under Gyalshing Sub-Division are open'. Negative pinned to nearest weather date 2025-05-26. Gyalshing SD open line (FWR exceptions)
nh510_sd_20250523,44848726,NH510,2025-05-25,2025-06-01,http://www.sikkim-roadsandbridges.gov.in/index.php/road-network,2025-05-23,OPEN,corridor_sd_division_open_sitrep,Source 2025-05-23: 'All the roads under Gyalshing Sub-Division are open'. Negative pinned to nearest weather date 2025-05-25. Gyalshing SD open line (FWR exceptions)
nh510_sd_20250521,44848726,NH510,2025-05-25,2025-06-01,http://www.sikkim-roadsandbridges.gov.in/index.php/road-network,2025-05-21,OPEN,corridor_sd_division_open_sitrep,Source 2025-05-21: 'rest all the roads under Gyalshing Sub-Division are open'. Negative pinned to nearest weather date 2025-05-25. Chongrang-Labdang/Relli khola blocked; NH-510 covered
nh510_sd_20240911,44848726,NH510,2024-09-13,2024-09-20,http://www.sikkim-roadsandbridges.gov.in/index.php/road-network,2024-09-11,OPEN,corridor_sd_division_open_sitrep,Source 2024-09-11: 'Rest all the road are clear except'. Negative pinned to nearest weather date 2024-09-13. Teshangthang blocked; NH-510 covered
nh510_sd_20240827,44848726,NH510,2024-08-27,2024-09-03,http://www.sikkim-roadsandbridges.gov.in/index.php/road-network,2024-08-27,OPEN,corridor_sd_division_open_sitrep,Source 2024-08-27: 'Rest all the road are clear except'. Negative pinned to nearest weather date 2024-08-27. Teshangthang-blocked; NH-510 covered
nh510_sd_20240823,44848726,NH510,2024-08-27,2024-09-03,http://www.sikkim-roadsandbridges.gov.in/index.php/road-network,2024-08-23,OPEN,corridor_sd_division_open_sitrep,Source 2024-08-23: 'Rest all the road are clear except'. Negative pinned to nearest weather date 2024-08-27. Teshangthang + Redang blocked; NH-510 covered
nh510_sd_20240802,44848726,NH510,2024-08-04,2024-08-11,http://www.sikkim-roadsandbridges.gov.in/index.php/road-network,2024-08-02,OPEN,corridor_sd_division_open_sitrep,Source 2024-08-02: 'Rest all the road are clear except'. Negative pinned to nearest weather date 2024-08-04. Teshangthang blocked; NH-510 covered
namchi_manpur_sd_20250625,1268716500,Namchi-Manpur Road,2025-06-25,2025-07-02,http://www.sikkim-roadsandbridges.gov.in/index.php/road-network,2025-06-25,OPEN,corridor_sd_division_open_sitrep,Source 2025-06-25: 'All the roads under Namchi Sub Division are open except Phongla Bermiok'. Negative pinned to nearest weather date 2025-06-25. Phongla Bermiok fatak LMV-only; Namchi-Manpur covered
namchi_manpur_sd_20250610,1268716500,Namchi-Manpur Road,2025-06-10,2025-06-17,http://www.sikkim-roadsandbridges.gov.in/index.php/road-network,2025-06-10,OPEN,corridor_sd_division_open_sitrep,Source 2025-06-10: 'All the road under Namchi Sub Division are open as of now'. Negative pinned to nearest weather date 2025-06-10. Namchi SD open line (FWRs)
namchi_manpur_sd_20250526,1268716500,Namchi-Manpur Road,2025-05-26,2025-06-02,http://www.sikkim-roadsandbridges.gov.in/index.php/road-network,2025-05-26,OPEN,corridor_sd_division_open_sitrep,Source 2025-05-26: 'All the roads under Namchi Sub Division are open'. Negative pinned to nearest weather date 2025-05-26. Namchi SD open line
namchi_manpur_sd_20250523,1268716500,Namchi-Manpur Road,2025-05-25,2025-06-01,http://www.sikkim-roadsandbridges.gov.in/index.php/road-network,2025-05-23,OPEN,corridor_sd_division_open_sitrep,Source 2025-05-23: 'All the road under Namchi Sub Division are open'. Negative pinned to nearest weather date 2025-05-25. Namchi SD open line
namchi_manpur_sd_20250521,1268716500,Namchi-Manpur Road,2025-05-25,2025-06-01,http://www.sikkim-roadsandbridges.gov.in/index.php/road-network,2025-05-21,OPEN,corridor_sd_division_open_sitrep,Source 2025-05-21: 'All the roads under Namchi Sub Division are open as of now'. Negative pinned to nearest weather date 2025-05-25. Namchi SD open line
namchi_manpur_sd_20250519,1268716500,Namchi-Manpur Road,2025-05-19,2025-05-26,http://www.sikkim-roadsandbridges.gov.in/index.php/road-network,2025-05-19,OPEN,corridor_sd_division_open_sitrep,Source 2025-05-19: 'All the road under Namchi Sub Division are open'. Negative pinned to nearest weather date 2025-05-19. Namchi SD open line
namchi_manpur_sd_20240911,1268716500,Namchi-Manpur Road,2024-09-13,2024-09-20,http://www.sikkim-roadsandbridges.gov.in/index.php/road-network,2024-09-11,OPEN,corridor_sd_division_open_sitrep,Source 2024-09-11: 'rest of the roads are open as of now'. Negative pinned to nearest weather date 2024-09-13. Bermiok LMV-only; Namchi-Manpur covered
namchi_manpur_sd_20240827,1268716500,Namchi-Manpur Road,2024-08-27,2024-09-03,http://www.sikkim-roadsandbridges.gov.in/index.php/road-network,2024-08-27,OPEN,corridor_sd_division_open_sitrep,Source 2024-08-27: 'All the roads under Namchi Sub Division are open except Phongla Bermiok road'. Negative pinned to nearest weather date 2024-08-27. Bermiok excluded; Namchi-Manpur covered
namchi_manpur_sd_20240823,1268716500,Namchi-Manpur Road,2024-08-27,2024-09-03,http://www.sikkim-roadsandbridges.gov.in/index.php/road-network,2024-08-23,OPEN,corridor_sd_division_open_sitrep,Source 2024-08-23: 'All the roads under Namchi Sub Division are open except Phongla Bermiok road'. Negative pinned to nearest weather date 2024-08-27. Bermiok excluded; Namchi-Manpur covered
namchi_manpur_sd_20240802,1268716500,Namchi-Manpur Road,2024-08-04,2024-08-11,http://www.sikkim-roadsandbridges.gov.in/index.php/road-network,2024-08-02,OPEN,corridor_sd_division_open_sitrep,Source 2024-08-02: 'All the roads under Namchi Sub Division are open except Phongla Bermiok road'. Negative pinned to nearest weather date 2024-08-04. Bermiok excluded; Namchi-Manpur covered
imphal_jiribam_nh37_20250903,44884968,NH37,2025-09-03,2025-09-10,https://www.imphaltimes.com/news/landslide-blocks-imphal-jiribam-road-traffic-resumes-after-clearance/,2025-09-03,OPEN,corridor_named_road_press,Source 2025-09-03: 'traffic resumes after clearance'. Negative pinned to nearest weather date 2025-09-03. Imphal Times; NH-37 Imphal-Jiribam corridor open after clearance on 2025-09-03
kitam_fatak_jorethang_20240911,44848719,SH19,2024-09-13,2024-09-20,http://www.sikkim-roadsandbridges.gov.in/index.php/road-network,2024-09-11,OPEN,corridor_named_road_sitrep,"Source 2024-09-11: 'Kitam fatak to Joerthang road is open as of now (SH-19)'. Negative pinned to nearest weather date 2024-09-13. road under ABD, SH-19, Jorethang SD"
kitam_fatak_jorethang_20240827,44848719,SH19,2024-08-27,2024-09-03,http://www.sikkim-roadsandbridges.gov.in/index.php/road-network,2024-08-27,OPEN,corridor_named_road_sitrep,"Source 2024-08-27: 'Kitam fatak to Joerthang road is open as of now (SH-19)'. Negative pinned to nearest weather date 2024-08-27. road under ABD, SH-19, Jorethang SD"
kitam_fatak_jorethang_20240823,44848719,SH19,2024-08-27,2024-09-03,http://www.sikkim-roadsandbridges.gov.in/index.php/road-network,2024-08-23,OPEN,corridor_named_road_sitrep,"Source 2024-08-23: 'Kitam fatak to Joerthang road is open as of now (SH-19)'. Negative pinned to nearest weather date 2024-08-27. road under ABD, SH-19, Jorethang SD"
kitam_fatak_jorethang_20240802,44848719,SH19,2024-08-04,2024-08-11,http://www.sikkim-roadsandbridges.gov.in/index.php/road-network,2024-08-02,OPEN,corridor_named_road_sitrep,"Source 2024-08-02: 'Kitam fatak to Joerthang road is open as of now (SH-19)'. Negative pinned to nearest weather date 2024-08-04. road under ABD, SH-19, Jorethang SD"
jorethang_namchi_20240911,423300896,SH20,2024-09-13,2024-09-20,http://www.sikkim-roadsandbridges.gov.in/index.php/road-network,2024-09-11,OPEN,corridor_named_road_sitrep,"Source 2024-09-11: 'road is open as of now (SH-20)'. Negative pinned to nearest weather date 2024-09-13. road under ABD, SH-20, Jorethang SD"
jorethang_namchi_20240827,423300896,SH20,2024-08-27,2024-09-03,http://www.sikkim-roadsandbridges.gov.in/index.php/road-network,2024-08-27,OPEN,corridor_named_road_sitrep,"Source 2024-08-27: 'road is open as of now (SH-20)'. Negative pinned to nearest weather date 2024-08-27. road under ABD, SH-20, Jorethang SD"
jorethang_namchi_20240823,423300896,SH20,2024-08-27,2024-09-03,http://www.sikkim-roadsandbridges.gov.in/index.php/road-network,2024-08-23,OPEN,corridor_named_road_sitrep,"Source 2024-08-23: 'road is open as of now (SH-20)'. Negative pinned to nearest weather date 2024-08-27. road under ABD, SH-20, Jorethang SD"
jorethang_namchi_20240802,423300896,SH20,2024-08-04,2024-08-11,http://www.sikkim-roadsandbridges.gov.in/index.php/road-network,2024-08-02,OPEN,corridor_named_road_sitrep,"Source 2024-08-02: 'road is open as of now (SH-20)'. Negative pinned to nearest weather date 2024-08-04. road under ABD, SH-20, Jorethang SD"
sh19_sd_20250625,44848719,SH19,2025-06-25,2025-07-02,http://www.sikkim-roadsandbridges.gov.in/index.php/road-network,2025-06-25,OPEN,corridor_sd_division_open_sitrep,Source 2025-06-25: 'All the road under Jorethang sub division is trafficable as of now except some of F.W.R.'. Negative pinned to nearest weather date 2025-06-25. Jorethang SD open line (TEST window)
sh20_sd_20250625,423300896,SH20,2025-06-25,2025-07-02,http://www.sikkim-roadsandbridges.gov.in/index.php/road-network,2025-06-25,OPEN,corridor_sd_division_open_sitrep,Source 2025-06-25: 'All the road under Jorethang sub division is trafficable as of now except some of F.W.R.'. Negative pinned to nearest weather date 2025-06-25. Jorethang SD open line (TEST window)
sh19_sd_20250619,44848719,SH19,2025-06-21,2025-06-28,http://www.sikkim-roadsandbridges.gov.in/index.php/road-network,2025-06-19,OPEN,corridor_sd_division_open_sitrep,Source 2025-06-19: 'All the road under Jorethang sub division is trafficable as of now except some of F.W.R.'. Negative pinned to nearest weather date 2025-06-21. Jorethang SD open line; SH-20 is blocked on this date so it is skipped
sh19_sd_20250610,44848719,SH19,2025-06-10,2025-06-17,http://www.sikkim-roadsandbridges.gov.in/index.php/road-network,2025-06-10,OPEN,corridor_sd_division_open_sitrep,Source 2025-06-10: 'All the road under Jorethang sub division are trafficable as of now except some of F.W.R.'. Negative pinned to nearest weather date 2025-06-10. Jorethang SD open line
sh20_sd_20250610,423300896,SH20,2025-06-10,2025-06-17,http://www.sikkim-roadsandbridges.gov.in/index.php/road-network,2025-06-10,OPEN,corridor_sd_division_open_sitrep,Source 2025-06-10: 'All the road under Jorethang sub division are trafficable as of now except some of F.W.R.'. Negative pinned to nearest weather date 2025-06-10. Jorethang SD open line
sh19_sd_20250526,44848719,SH19,2025-05-26,2025-06-02,http://www.sikkim-roadsandbridges.gov.in/index.php/road-network,2025-05-26,OPEN,corridor_sd_division_open_sitrep,Source 2025-05-26: 'All the road under Jorethang sub division are trafficable as of now except some of F.W.R.'. Negative pinned to nearest weather date 2025-05-26. Jorethang SD open line
sh20_sd_20250526,423300896,SH20,2025-05-26,2025-06-02,http://www.sikkim-roadsandbridges.gov.in/index.php/road-network,2025-05-26,OPEN,corridor_sd_division_open_sitrep,Source 2025-05-26: 'All the road under Jorethang sub division are trafficable as of now except some of F.W.R.'. Negative pinned to nearest weather date 2025-05-26. Jorethang SD open line
sh19_sd_20250523,44848719,SH19,2025-05-25,2025-06-01,http://www.sikkim-roadsandbridges.gov.in/index.php/road-network,2025-05-23,OPEN,corridor_sd_division_open_sitrep,Source 2025-05-23: 'All the road under Jorethang sub division are trafficable as of now except some of F.W.R.'. Negative pinned to nearest weather date 2025-05-25. Jorethang SD open line
sh20_sd_20250523,423300896,SH20,2025-05-25,2025-06-01,http://www.sikkim-roadsandbridges.gov.in/index.php/road-network,2025-05-23,OPEN,corridor_sd_division_open_sitrep,Source 2025-05-23: 'All the road under Jorethang sub division are trafficable as of now except some of F.W.R.'. Negative pinned to nearest weather date 2025-05-25. Jorethang SD open line
sh19_sd_20250521,44848719,SH19,2025-05-25,2025-06-01,http://www.sikkim-roadsandbridges.gov.in/index.php/road-network,2025-05-21,OPEN,corridor_sd_division_open_sitrep,Source 2025-05-21: 'All roads under Jorethang Sub Divsion are trafficable as of now except some FWR.'. Negative pinned to nearest weather date 2025-05-25. Jorethang SD open line
sh20_sd_20250521,423300896,SH20,2025-05-25,2025-06-01,http://www.sikkim-roadsandbridges.gov.in/index.php/road-network,2025-05-21,OPEN,corridor_sd_division_open_sitrep,Source 2025-05-21: 'All roads under Jorethang Sub Divsion are trafficable as of now except some FWR.'. Negative pinned to nearest weather date 2025-05-25. Jorethang SD open line
sh19_sd_20250519,44848719,SH19,2025-05-19,2025-05-26,http://www.sikkim-roadsandbridges.gov.in/index.php/road-network,2025-05-19,OPEN,corridor_sd_division_open_sitrep,Source 2025-05-19: 'All roads under Jorethang Sub Divsion are trafficable as of now except some FWRs.'. Negative pinned to nearest weather date 2025-05-19. Jorethang SD open line
sh20_sd_20250519,423300896,SH20,2025-05-19,2025-05-26,http://www.sikkim-roadsandbridges.gov.in/index.php/road-network,2025-05-19,OPEN,corridor_sd_division_open_sitrep,Source 2025-05-19: 'All roads under Jorethang Sub Divsion are trafficable as of now except some FWRs.'. Negative pinned to nearest weather date 2025-05-19. Jorethang SD open line
sh19_sd_20250517,44848719,SH19,2025-05-18,2025-05-25,http://www.sikkim-roadsandbridges.gov.in/index.php/road-network,2025-05-17,OPEN,corridor_sd_division_open_sitrep,Source 2025-05-17: 'All road under Jorethang sub division is trafficable except some FWRs.'. Negative pinned to nearest weather date 2025-05-18. Jorethang SD open line
sh20_sd_20250517,423300896,SH20,2025-05-18,2025-05-25,http://www.sikkim-roadsandbridges.gov.in/index.php/road-network,2025-05-17,OPEN,corridor_sd_division_open_sitrep,Source 2025-05-17: 'All road under Jorethang sub division is trafficable except some FWRs.'. Negative pinned to nearest weather date 2025-05-18. Jorethang SD open line
sh19_sd_20250515,44848719,SH19,2025-05-18,2025-05-25,http://www.sikkim-roadsandbridges.gov.in/index.php/road-network,2025-05-15,OPEN,corridor_sd_division_open_sitrep,Source 2025-05-15: 'All road under Jorethang sub division is trafficable except some FWRs.'. Negative pinned to nearest weather date 2025-05-18. Jorethang SD open line
sh20_sd_20250515,423300896,SH20,2025-05-18,2025-05-25,http://www.sikkim-roadsandbridges.gov.in/index.php/road-network,2025-05-15,OPEN,corridor_sd_division_open_sitrep,Source 2025-05-15: 'All road under Jorethang sub division is trafficable except some FWRs.'. Negative pinned to nearest weather date 2025-05-18. Jorethang SD open line
